INSERT INTO productos(codigo, nombre, descripcion) VALUES ('00001', 'Donuts de chocolate', 'Donuts bañados en chocolate')
INSERT INTO productos(codigo, nombre, descripcion) VALUES ('00002','Bombon', 'Bombón clasico de cualquier sabor')
INSERT INTO productos(codigo, nombre, descripcion) VALUES ('00003', 'Huevos M', 'Huevos de gallina')
INSERT INTO productos(codigo, nombre, descripcion) VALUES ('00004', 'Cerveza 1/3', 'Lata o botella de 33cl de cerveza')
INSERT INTO productos(codigo, nombre, descripcion) VALUES ('00005', 'Leche semidesnatada', 'Leche semidesnatada de vaca')
INSERT INTO productos(codigo, nombre, descripcion) VALUES ('00006', 'Pan de molde', 'Pan de molde blanco')
INSERT INTO productos(codigo, nombre, descripcion) VALUES ('00007', 'Yogur natural', 'Yogur natural sin azúcares añadidos')
INSERT INTO productos(codigo, nombre, descripcion) VALUES ('00008', 'Manzanas', 'Manzanas Golden')
INSERT INTO productos(codigo, nombre, descripcion) VALUES ('00009', 'Plátanos', 'Plátanos de Canarias')
INSERT INTO productos(codigo, nombre, descripcion) VALUES ('00010', 'Tomates', 'Tomates pera')
INSERT INTO productos(codigo, nombre, descripcion) VALUES ('00011', 'Patatas', 'Patatas variedad Monalisa')
INSERT INTO productos(codigo, nombre, descripcion) VALUES ('00012', 'Cebolla', 'Cebolla blanca')
INSERT INTO productos(codigo, nombre, descripcion) VALUES ('00013', 'Arroz blanco', 'Arroz blanco de grano largo')
INSERT INTO productos(codigo, nombre, descripcion) VALUES ('00014', 'Pasta', 'Pasta tipo espagueti')
INSERT INTO productos(codigo, nombre, descripcion) VALUES ('00015', 'Aceite de oliva virgen extra', 'Aceite de oliva virgen extra de primera presión en frío')
INSERT INTO productos(codigo, nombre, descripcion) VALUES ('00016', 'Café', 'Café molido para cafetera italiana')
INSERT INTO productos(codigo, nombre, descripcion) VALUES ('00017', 'Té verde', 'Té verde en hojas')
INSERT INTO productos(codigo, nombre, descripcion) VALUES ('00018', 'Galletas', 'Galletas de chocolate')
INSERT INTO productos(codigo, nombre, descripcion) VALUES ('00019', 'Zumos de naranja', 'Zumos de naranja natural sin azúcares añadidos')
INSERT INTO productos(codigo, nombre, descripcion) VALUES ('00020', 'Agua mineral', 'Agua mineral natural embotellada')

INSERT INTO proveedores(codigo, nombre) VALUES ('8437011', 'El Corte Inglés')
INSERT INTO proveedores(codigo, nombre) VALUES ('8437012', 'Carrefour')
INSERT INTO proveedores(codigo, nombre) VALUES ('8437013', 'tienda')
INSERT INTO proveedores(codigo, nombre) VALUES ('8437014', 'Lidl')
INSERT INTO proveedores(codigo, nombre) VALUES ('8437015', 'Dia')
INSERT INTO proveedores(codigo, nombre) VALUES ('8437008', 'Hacendado')
INSERT INTO proveedores(codigo, nombre) VALUES ('8437009', 'Steinburg')
INSERT INTO proveedores(codigo, nombre) VALUES ('8437010', 'Huevos Guilleón')

INSERT INTO ean(codigo_proveedor, codigo_producto, codigo_destino, hidratos, proteinas, grasas, precio) VALUES ('8437008', '00003', '1',1,5,10,50)
INSERT INTO ean(codigo_proveedor, codigo_producto, codigo_destino, hidratos, proteinas, grasas, precio) VALUES ('8437008', '00005', '6',5,3,2,12)
INSERT INTO ean(codigo_proveedor, codigo_producto, codigo_destino, hidratos, proteinas, grasas, precio) VALUES ('8437008', '00006', '8',4,2,1,15)
INSERT INTO ean(codigo_proveedor, codigo_producto, codigo_destino, hidratos, proteinas, grasas, precio) VALUES ('8437008', '00007', '9',2,1,0,20)
INSERT INTO ean(codigo_proveedor, codigo_producto, codigo_destino, hidratos, proteinas, grasas, precio) VALUES ('8437009', '00008', '1',3,4,0,18)
INSERT INTO ean(codigo_proveedor, codigo_producto, codigo_destino, hidratos, proteinas, grasas, precio) VALUES ('8437009', '00009', '6',10,2,5,25)
INSERT INTO ean(codigo_proveedor, codigo_producto, codigo_destino, hidratos, proteinas, grasas, precio) VALUES ('8437010', '00010', '8',7,1,0,30)
INSERT INTO ean(codigo_proveedor, codigo_producto, codigo_destino, hidratos, proteinas, grasas, precio) VALUES ('8437010', '00011', '9',1,2,0,35)
INSERT INTO ean(codigo_proveedor, codigo_producto, codigo_destino, hidratos, proteinas, grasas, precio) VALUES ('8437012', '00012', '1',0,5,0,40)
INSERT INTO ean(codigo_proveedor, codigo_producto, codigo_destino, hidratos, proteinas, grasas, precio) VALUES ('8437013', '00013', '6',12,2,3,45)
INSERT INTO ean(codigo_proveedor, codigo_producto, codigo_destino, hidratos, proteinas, grasas, precio) VALUES ('8437014', '00014', '8',2,1,0,50)
INSERT INTO ean(codigo_proveedor, codigo_producto, codigo_destino, hidratos, proteinas, grasas, precio) VALUES ('8437015', '00015', '9',3,2,0,55)
INSERT INTO ean(codigo_proveedor, codigo_producto, codigo_destino, hidratos, proteinas, grasas, precio) VALUES ('8437008', '00016', '1',20,10,5,60)
INSERT INTO ean(codigo_proveedor, codigo_producto, codigo_destino, hidratos, proteinas, grasas, precio) VALUES ('8437009', '00019', '6',0,20,2,65)
INSERT INTO ean(codigo_proveedor, codigo_producto, codigo_destino, hidratos, proteinas, grasas, precio) VALUES ('8437010', '00019', '8',1,5,0,70)
INSERT INTO ean(codigo_proveedor, codigo_producto, codigo_destino, hidratos, proteinas, grasas, precio) VALUES ('8437008', '00019', '9',0,1,80,75)
INSERT INTO ean(codigo_proveedor, codigo_producto, codigo_destino, hidratos, proteinas, grasas, precio) VALUES ('8437012', '00019', '1',0,0,0,80)
INSERT INTO ean(codigo_proveedor, codigo_producto, codigo_destino, hidratos, proteinas, grasas, precio) VALUES ('8437008', '00001', '1',0,2,0,10)
INSERT INTO ean(codigo_proveedor, codigo_producto, codigo_destino, hidratos, proteinas, grasas, precio) VALUES ('8437008', '00002', '6',0,0,0,20)
INSERT INTO ean(codigo_proveedor, codigo_producto, codigo_destino, hidratos, proteinas, grasas, precio) VALUES ('8437009', '00004', '8',0,0,3,30)
INSERT INTO ean(codigo_proveedor, codigo_producto, codigo_destino, hidratos, proteinas, grasas, precio) VALUES ('8437010', '00001', '9',1,0,0,40)